None,L1,L2,Static L0
2.310898780822754,729.2445068359375,40.54159164428711,30804.556640625
2.3105292320251465,375.68731689453125,37.90332794189453,30792.65625
